{
  "fit_function": "hyperbolic",
  "data": {
    "x": [
      1911.125,
      2216.95,
      2707.71,
      3010.225,
      3410.612,
      3906.015,
      4575.105,
      5517.548,
      6918.481
    ],
    "y": [
      0.000998056,
      0.000905647,
      0.000800098,
      0.000751041,
      0.000699982,
      0.000650532,
      0.000600444,
      0.000550005,
      0.000500201
    ],
    "yerr": [
      5.49029E-07,
      5.02824E-07,
      4.5005E-07,
      4.25532E-07,
      3.99991E-07,
      3.75266E-07,
      3.50222E-07,
      3.25003E-07,
      3.00101E-07
    ]
  },
  "a0": [
    1,
    1,
    1
  ],
  "decimal": 2,
  "result": {
    "a": [
      1.40128,
      98.08442,
      3.00512e-04
    ],
    "aerr": [
      2.73358e-03,
      3.27247,
      3.68248e-07
    ],
    "arerr": [
      0.19505,
      3.328043,
      0.12255
    ],
    "acov": [
      [5.76271e-5, 6.78146e-2, -7.58881e-9],
      [6.78146e-2, 82.58767, -8.64926e-6],
      [-7.58881e-9, -8.64926e-6, 1.045787e-12]
    ],
    "chi2": 0.77802,
    "degrees_of_freedom": 6,
    "chi2_reduced": 0.12967,
    "p_probability": 0.990102
  }
}