{
  "fit_function": "hyperbolic",
  "data": {
    "x": [
      20,
      21,
      22,
      23,
      24,
      25,
      26,
      27,
      28,
      29,
      30
    ],
    "xerr": [
      0.040824829,
      0.040824829,
      0.040824829,
      0.040824829,
      0.040824829,
      0.040824829,
      0.040824829,
      0.040824829,
      0.040824829,
      0.040824829,
      0.040824829
    ],
    "y": [
      81.6,
      66.85,
      57.65,
      51.85,
      46.7,
      43,
      39.75,
      37.3,
      35.6,
      33.95,
      32.55
    ],
    "yerr": [
      0.866746791,
      0.43445368,
      0.376939429,
      0.376939429,
      0.463231404,
      0.290832139,
      0.148604621,
      0.520816666,
      0.405688715,
      0.262202212,
      0.205142227
    ]
  },
  "a0": [
    1,
    1,
    1
  ],
  "decimal": 3,
  "result": {
    "a": [
      245.66971,
      -16.32884,
      14.51455
    ],
    "aerr": [
      8.52951,
      0.12277,
      0.54149
    ],
    "arerr": [
      3.47194,
      0.75184,
      3.73065
    ],
    "acov": [
      [ 183.36571,  2.579, -11.44598],
      [ 2.579,  0.03799, -0.1560],
      [-11.44598, -0.1560,  0.7390]
    ],
    "chi2": 3.174094,
    "degrees_of_freedom": 8,
    "chi2_reduced": 0.39685,
    "p_probability": 0.9229117
  }
}