{
  "fit_function": "linear",
  "data": {
    "x": [
      0.030502234,
      0.044079003,
      0.061320067,
      0.079319212,
      0.09687926,
      0.115658941,
      0.13367311,
      0.151309762
    ],
    "xerr": [
      2.73978E-05,
      4.3252E-05,
      3.24674E-05,
      5.56951E-05,
      5.80687E-05,
      7.16159E-05,
      0.00020455,
      0.000120018
    ],
    "y": [
      22.1,
      30.1,
      40,
      50,
      60,
      70,
      79.9,
      90.1
    ],
    "yerr": [
      0.091287093,
      0.091287093,
      0.091287093,
      0.091287093,
      0.091287093,
      0.091287093,
      0.091287093,
      0.091287093
    ]
  },
  "a0": [1, 1],
  "decimal": 5,
  "result": {
    "a": [5.3741, 560.43588],
    "aerr":  [0.24237, 2.68345],
    "arerr":  [4.51004, 0.47882],
    "chi2": 49.84229,
    "degrees_of_freedom": 6,
    "chi2_reduced": 8.307048,
    "p_probability": 5.056017e-9
  }
}