{
  "fit_function": "inverse_power",
  "parameters": [
    2
  ],
  "data": {
    "x": [
      0.27476875,
      0.24931875,
      0.22428125,
      0.19923125,
      0.1739625,
      0.1492,
      0.12403125,
      0.09901875
    ],
    "xerr": [
      0.000524002,
      0.000148586,
      0.000166977,
      0.000146162,
      0.000155289,
      0.000155361,
      0.000185951,
      0.000176339
    ],
    "y": [
      2.985,
      3.59,
      4.13375,
      5.22625,
      6.57875,
      8.55875,
      12.0475,
      18.4
    ],
    "yerr": [
      0.034125992,
      0.07507635,
      0.093283911,
      0.041291803,
      0.041799528,
      0.092704237,
      0.088059225,
      0.18461672
    ]
  },
  "a0": [
    1,
    1,
    1
  ],
  "decimal": 3,
  "result": {
    "a": [
      0.19641, 0.00618, 0.5205
    ],
    "aerr": [
      0.0091 , 0.00254, 0.09567
    ],
    "arerr": [
      4.63266, 41.17011, 18.37968
    ],
    "acov": [
      [ 7.78328926e-05, 2.14388172e-05, -7.75573220e-04],
      [ 2.14388172e-05, 6.08550222e-06, -2.04447646e-04],
      [-7.75573220e-04, -2.04447646e-04, 8.60341383e-03]
    ],
    "chi2": 5.31877,
    "degrees_of_freedom": 5,
    "chi2_reduced": 1.06375,
    "p_probability": 0.3782278
  }
}