{
  "fit_function": "hyperbolic",
  "data": {
    "x": [
      1911.125,
      2216.95,
      2707.71,
      3010.225,
      3410.612,
      3906.015,
      4575.105,
      5517.548,
      6918.481
    ],
    "xerr": [
      0.291112577,
      0.321695254,
      0.370771197,
      0.401026507,
      0.441068641,
      0.490601621,
      0.557573268,
      0.651755155,
      0.79184836
    ],
    "y": [
      0.000998056,
      0.000905647,
      0.000800098,
      0.000751041,
      0.000699982,
      0.000650532,
      0.000600444,
      0.000550005,
      0.000500201
    ],
    "yerr": [
      5.49029E-07,
      5.02824E-07,
      4.5005E-07,
      4.25532E-07,
      3.99991E-07,
      3.75266E-07,
      3.50222E-07,
      3.25003E-07,
      3.00101E-07
    ]
  },
  "a0": [
    1,
    1,
    1
  ],
  "decimal": 2,
  "result": {
    "a": [
      1.40128,
      98.08442,
      3.00512e-04
    ],
    "aerr": [
      2.73991e-03,
      3.22345,
      3.74539e-07
    ],
    "arerr": [
      0.19553,
      3.2864,
      0.12463
    ],
    "acov": [
      [5.1847e-5, 0.0600043, -6.92593e-9],
      [0.0600043, 71.76185, -7.76702e-6],
      [-6.92593e-9, -7.76702e-6, 9.68827e-13]
    ],
    "chi2": 0.868757,
    "degrees_of_freedom": 6,
    "chi2_reduced": 0.144792,
    "p_probability": 0.990102
  }
}