{
  "fit_function": "normal",
  "data": {
    "x": [
      1.0,
      2.0,
      3.0,
      4.0,
      5.0,
      6.0
    ],
    "xerr": [
      0.1,
      0.1,
      0.1,
      0.1,
      0.1,
      0.1
    ],
    "y": [
      3.25013742,
      1.857861724,
      1.173783484,
      0.615731017,
      0.873323172,
      1.040288749
    ],
    "yerr": [
      0.2,
      0.2,
      0.2,
      0.2,
      0.2,
      0.2
    ]
  },
  "a0": [
    1,
    1,
    1,
    1
  ],
  "decimal": 3,
  "result": {
    "a": [
      2.887, 0.2514, 1.720, 0.8580
    ],
    "aerr": [
      2.911 , 2.610, 1.689, 0.1536
    ],
    "arerr": [
      100.83445815, 1038.18170177, 98.18420611, 17.90651187
    ],
    "acov": [
      [ 5.984, -5.311,  3.347, -0.137],
      [-5.311,  4.812, -3.07,   0.119],
      [ 3.347, -3.07,   2.014, -0.08976 ],
      [-0.13701,  0.11894, -0.08979328,   0.01667]
    ],
    "chi2": 2.832,
    "degrees_of_freedom": 2,
    "chi2_reduced": 1.416,
    "p_probability": 0.2427
  }
}