{
  "fit_function": "poisson",
  "data": {
    "x": [
      1.0,
      2.0,
      3.0,
      4.0,
      5.0,
      6.0,
      7.0,
      8.0,
      10.0
    ],
    "xerr": [
      0.288675135,
      0.288675135,
      0.288675135,
      0.288675135,
      0.288675135,
      0.288675135,
      0.288675135,
      0.288675135,
      0.288675135
    ],
    "y": [
      6.0,
      9.0,
      18.0,
      16.0,
      20.0,
      10.0,
      9.0,
      9.0,
      3.0
    ],
    "yerr": [
      0.707106781,
      0.866025404,
      1.224744871,
      1.154700538,
      1.290994449,
      0.912870929,
      0.866025404,
      0.866025404,
      0.5
    ]
  },
  "a0": [
    100.0,
    3.5,
    1.0
  ],
  "decimal": 2,
  "result": {
    "a": [
      87.049,
      4.676,
      1.898
    ],
    "aerr": [
      11.737,
      0.2857,
      1.153
    ],
    "arerr": [
      13.483,
      6.110,
      60.781
    ],
    "acov": [
      [
        38.87,
        3.877e-01,
        -3.003
      ],
      [
        3.877e-01,
        2.304e-02,
        -3.931e-02
      ],
      [
        -3.003,
        -3.931e-02,
        3.753e-01
      ]
    ],
    "chi2": 21.264,
    "degrees_of_freedom": 6,
    "chi2_reduced": 3.544,
    "p_probability": 1.644e-03
  }
}